storeNo,spuId,name,skuId,itemSkuId,barCode,spec,salePrice,stock,saleOut
CN00529,1306637559267377152,「抹茶徽章盲袋」抹茶系列单杯套餐,1306637559275765761,1306763747978657797,,,0.00,9999,False
CN00529,1306637759088431105,「CLOT联名盲盒」抹茶系列双杯套餐,1306637759101014016,1306763747982852113,,,0.00,9999,False
CN00529,1307378304845709312,桂馥兰香冰酿,1307378304858292225,1308939057848709196,P0879,杯型=大杯,22.00,9999,False
CN00529,1307378304845709312,桂馥兰香冰酿,1307378304858292227,1308939057848709198,P0879,杯型=中杯,18.00,9999,False
CN00529,1307378832733589505,桂馥芭乐冰酿,1307378832746172417,1308939057848709121,P0880,杯型=大杯,22.00,9999,False
CN00529,1307378832733589505,桂馥芭乐冰酿,1307378832750366721,1308939057848709123,P0880,杯型=中杯,18.00,9999,False
CN00529,1307379964495310848,桂馥秋梨冰奶,1307379964507893761,1308939057844514827,P0878,杯型=中杯,21.00,9999,False
CN00529,1305903142650228736,浓抹香草籽,1305903142662811649,1306038864578629633,P0832,杯型=中杯,22.00,9999,False
CN00529,1305903912577695744,浓抹花田,1305903912594472961,1306038864582824077,P0881,杯型=中杯,22.00,9999,False
CN00529,1305902326077898753,一抹茉莉花,1305902326086287360,1306038864582824004,P0831,杯型=中杯,18.00,9999,False
CN00529,1212451861377593345,一抹山月,1212451861385981952,1218345780828774476,P0754,杯型=小杯（主题杯）,18.00,9999,False
CN00529,1212451861377593345,一抹山月,1232801776867934208,1232836692805074945,P0754,杯型=升运杯｜免费升中杯,18.00,9999,False
CN00529,1200040619665707008,归云南·云焦卡美罗,1200040619678289921,1232836692729577474,P0721,杯型=小杯（主题杯）,21.00,9999,False
CN00529,1200040619665707008,归云南·云焦卡美罗,1232802807371091968,1232836692729577476,P0721,杯型=升运杯｜免费升中杯,21.00,9999,False
CN00529,1200041961226711041,归云南·云漫普洱,1200041961247682560,1208557384348008450,P0742,杯型=小杯（主题杯）,18.00,9999,False
CN00529,1200041961226711041,归云南·云漫普洱,1232802525132251137,1232836692800880642,P0742,杯型=升运杯｜免费升中杯,18.00,9999,False
CN00529,996736751815323648,万里木兰,996736751853072385,998022746321879085,P0401,杯型=大杯,20.00,9999,False
CN00529,996736751815323648,万里木兰,996736751857266689,998022746321879089,P0401,杯型=中杯,16.00,9999,False
CN00529,1307378304845709312,桂馥兰香冰酿,1307378304858292225,1308939057848709196,P0879,杯型=大杯,22.00,9999,False
CN00529,1307378304845709312,桂馥兰香冰酿,1307378304858292227,1308939057848709198,P0879,杯型=中杯,18.00,9999,False
CN00529,1307378832733589505,桂馥芭乐冰酿,1307378832746172417,1308939057848709121,P0880,杯型=大杯,22.00,9999,False
CN00529,1307378832733589505,桂馥芭乐冰酿,1307378832750366721,1308939057848709123,P0880,杯型=中杯,18.00,9999,False
CN00529,1307379964495310848,桂馥秋梨冰奶,1307379964507893761,1308939057844514827,P0878,杯型=中杯,21.00,9999,False
CN00529,1299896005302697985,轻因·桂馥兰香,1299896005311086592,1302417333086732536,P0875,杯型=大杯,20.00,9999,False
CN00529,1299896005302697985,轻因·桂馥兰香,1299896005311086594,1302417333086732602,P0875,杯型=中杯,16.00,9999,False
CN00529,1305903912577695744,浓抹花田,1305903912594472961,1306038864582824077,P0881,杯型=中杯,22.00,9999,False
CN00529,1299896224442503169,轻因·折桂令,1299896224450891776,1302417333086733048,P0876,杯型=中杯,14.00,9999,False
CN00529,1107352244475187201,轻因·伯牙绝弦,1107352244487770112,1155279903818297345,P0548,杯型=大杯,20.00,9999,False
CN00529,1107352244475187201,轻因·伯牙绝弦,1107352244487770114,1155279903818297347,P0548,杯型=中杯,16.00,9999,False
CN00529,1270702090075148288,轻因·糯青山柠檬奶,1270702090083536897,1273430442349039691,P0805,杯型=中杯,18.00,9999,False
CN00529,1270701535198568449,轻因·雾红尘柠檬奶,1270701535206957241,1273430442349039618,P0804,杯型=中杯,18.00,9999,False
CN00529,1282304499661189121,轻因·伯牙柠檬奶,1282304499673772032,1284299501872590849,P0835,杯型=中杯,19.00,9999,False
CN00529,1253292834069934081,粉芭乐,1253292834082516992,1276328711885393926,P0790,杯型=大杯,20.00,9999,False
CN00529,625390649092390913,橙香四季,678351968804065280,731894942457544726,P0132,杯型*=大杯冷,20.00,9999,False
CN00529,670336463270912001,琥珀光,670352354251452416,731894942444961922,P0125,杯型*=大杯冷,18.00,9999,False
CN00529,625339451983278080,伯牙绝弦,653632618000097282,731894942512070771,P0101,杯型=大杯,20.00,9999,False
CN00529,625339451983278080,伯牙绝弦,653632618000097280,731894942512070759,P0101,杯型=中杯,16.00,9999,False
CN00529,1142829917145640961,一骑红尘,1142829917162418176,1281983258410127432,P0605,杯型=大杯,20.00,9999,False
CN00529,1142829917145640961,一骑红尘,1142829917162418178,1281983258410127434,P0605,杯型=中杯,16.00,9999,False
CN00529,1019648370718674945,花田乌龙,1019648370760617986,1020839280099725386,P0422,杯型=大杯,20.00,9999,False
CN00529,1019648370718674945,花田乌龙,1019648370760617984,1020839280099725388,P0422,杯型=中杯,16.00,9999,False
CN00529,1117818249579941888,万象春和,1117818249592524801,1249381055952433176,P0557,杯型=大杯,22.00,9999,False
CN00529,1117818249579941888,万象春和,1117818249592524803,1249381055952433178,P0557,杯型=中杯,18.00,9999,False
CN00529,640215811876831233,青青糯山,655441178728091650,731894942516265038,P0102,杯型=大杯,18.00,9999,False
CN00529,640215811876831233,青青糯山,655441178719703040,731894942516265036,P0102,杯型=中杯,15.00,9999,False
CN00529,1254129976483426305,风荷映月⎡浙江限定⎦,1254129976491814912,1256394993153769482,P0635,杯型=大杯,22.00,9999,False
CN00529,1254129976483426305,风荷映月⎡浙江限定⎦,1254129976491814914,1256394993153769484,P0635,杯型=中杯,18.00,9999,False
CN00529,996736751815323648,万里木兰,996736751853072385,998022746321879085,P0401,杯型=大杯,20.00,9999,False
CN00529,996736751815323648,万里木兰,996736751857266689,998022746321879089,P0401,杯型=中杯,16.00,9999,False
CN00529,625341251000012801,白雾红尘,653634333361377283,731894942403018787,P0108,杯型=大杯,22.00,9999,False
CN00529,625341251000012801,白雾红尘,653634333361377281,731894942403018781,P0108,杯型=中杯,18.00,9999,False
CN00529,625297916088557569,桂馥兰香,653631627057983491,731894942486904919,P0105,杯型=大杯,20.00,9999,False
CN00529,625297916088557569,桂馥兰香,653631627057983489,731894942486904913,P0105,杯型=中杯,16.00,9999,False
CN00529,1305903142650228736,浓抹香草籽,1305903142662811649,1306038864578629633,P0832,杯型=中杯,22.00,9999,False
CN00529,1305903912577695744,浓抹花田,1305903912594472961,1306038864582824077,P0881,杯型=中杯,22.00,9999,False
CN00529,1305902326077898753,一抹茉莉花,1305902326086287360,1306038864582824004,P0831,杯型=中杯,18.00,9999,False
CN00529,1212451861377593345,一抹山月,1212451861385981952,1218345780828774476,P0754,杯型=小杯（主题杯）,18.00,9999,False
CN00529,1212451861377593345,一抹山月,1232801776867934208,1232836692805074945,P0754,杯型=升运杯｜免费升中杯,18.00,9999,False
CN00529,1200040619665707008,归云南·云焦卡美罗,1200040619678289921,1232836692729577474,P0721,杯型=小杯（主题杯）,21.00,9999,False
CN00529,1200040619665707008,归云南·云焦卡美罗,1232802807371091968,1232836692729577476,P0721,杯型=升运杯｜免费升中杯,21.00,9999,False
CN00529,1200041961226711041,归云南·云漫普洱,1200041961247682560,1208557384348008450,P0742,杯型=小杯（主题杯）,18.00,9999,False
CN00529,1200041961226711041,归云南·云漫普洱,1232802525132251137,1232836692800880642,P0742,杯型=升运杯｜免费升中杯,18.00,9999,False
CN00529,1307378304845709312,桂馥兰香冰酿,1307378304858292225,1308939057848709196,P0879,杯型=大杯,22.00,9999,False
CN00529,1307378304845709312,桂馥兰香冰酿,1307378304858292227,1308939057848709198,P0879,杯型=中杯,18.00,9999,False
CN00529,1307378832733589505,桂馥芭乐冰酿,1307378832746172417,1308939057848709121,P0880,杯型=大杯,22.00,9999,False
CN00529,1307378832733589505,桂馥芭乐冰酿,1307378832750366721,1308939057848709123,P0880,杯型=中杯,18.00,9999,False
CN00529,1307379964495310848,桂馥秋梨冰奶,1307379964507893761,1308939057844514827,P0878,杯型=中杯,21.00,9999,False
CN00529,1298600362111414272,一骑红尘冰酿,1298600362132385793,1299155831719502592,P0871,杯型=大杯,22.00,9999,False
CN00529,1298600362111414272,一骑红尘冰酿,1298600362144968705,1299155831719502627,P0871,杯型=中杯,18.00,9999,False
CN00529,1298601199387373568,花田乌龙冰酿,1298601199404150785,1299155831715307521,P0872,杯型=大杯,22.00,9999,False
CN00529,1298601199387373568,花田乌龙冰酿,1298601199412539393,1299155831719501826,P0872,杯型=中杯,18.00,9999,False
CN00529,1282304499661189121,轻因·伯牙柠檬奶,1282304499673772032,1284299501872590849,P0835,杯型=中杯,19.00,9999,False
CN00529,1270702090075148288,轻因·糯青山柠檬奶,1270702090083536897,1273430442349039691,P0805,杯型=中杯,18.00,9999,False
CN00529,1254130561119088641,橘柚荷龙井⎡浙江限定⎦,1254130561144254464,1256394993149575170,P0778,杯型=中杯,16.00,9999,False
CN00529,1270701535198568449,轻因·雾红尘柠檬奶,1270701535206957241,1273430442349039618,P0804,杯型=中杯,18.00,9999,False
CN00529,1249405530021134336,小森林柚子,1249405530033717249,1251684838397673510,P0775,杯型=中杯,18.00,9999,False
CN00529,1142830264156524544,醉红尘,1144240023036440577,1281983258405933065,P0606,杯型=大杯,18.00,9999,False
CN00529,1253292834069934081,粉芭乐,1253292834082516992,1276328711885393926,P0790,杯型=大杯,20.00,9999,False
CN00529,670336812278927361,千峰翠,670351750535905281,731894942512070870,P0127,杯型*=大杯冷,18.00,9999,False
CN00529,1137398692104212480,七里香,1137398692112601089,1140063819403190332,P0641,杯型=大杯,18.00,9999,False
CN00529,625390649092390913,橙香四季,678351968804065280,731894942457544726,P0132,杯型*=大杯冷,20.00,9999,False
CN00529,670336463270912001,琥珀光,670352354251452416,731894942444961922,P0125,杯型*=大杯冷,18.00,9999,False
CN00529,1200042392577355776,归云南,1200042392602521601,1208557384348008520,P0710,杯型=中杯,14.00,9999,False
CN00529,640223571699871745,酌红袍,822208324060839936,822233851804270655,P0115,杯型=中杯,14.00,9999,False
CN00529,1019653869022654465,花田坞,1019653869056208896,1020841563935059968,P0426,杯型=中杯,13.00,9999,False
CN00529,640223789849878529,云中绿,822180584843722753,822233851816853610,P0112,杯型=中杯,12.00,9999,False
CN00529,889131901087068160,折桂令,889131901112233985,921923627602083841,P0364,杯型=中杯,14.00,9999,False
CN00529,1213065022819434497,「桂馥兰香系列」双杯套餐,1213065022832017408,1214718572825890879,,,0.00,9999,False
CN00529,1271140223931568128,茶特调·摇摇沙系列周边套餐,1271140223939956737,1271621810796135192,,,0.00,9999,False
CN00529,1039907015201492993,碧根果碎,1039907015214075904,1040562434677473283,,,3.00,756,False
CN00529,1039906842272276481,香草奶油雪顶,1039906842280665088,1040562434673278978,,,5.00,8582,False
CN00529,804413428764561408,单杯保温袋,804413428772950017,952568110869221406,,,1.00,9957,False
CN00529,804413759510044673,双杯保温袋,804413759518433280,952568110873415682,,,2.00,9974,False
CN00529,873285278327341057,四杯保温袋,873285278339923968,952568110865027074,,,4.00,9986,False
