storeNo,category,spuId,name,showPriceStart,defaultSalePrice,memberDiscounted,stock,saleOut,description
CN12250,新品尝鲜,1307378304845709312,桂馥兰香冰酿,True,18.00,False,19998,False,主要成分：桂花乌龙茶 、牛乳、酒酿 精选福建乌龙与广西桂花拼配的桂花乌龙茶底，融合优质牛乳与湖北孝感非遗米酿，乌龙茶醇厚，桂花清雅甜香，自然发酵的米甜层层释放，
CN12250,新品尝鲜,1307378832733589505,桂馥芭乐冰酿,True,18.00,False,19998,False,主要成分：桂花乌龙茶、牛乳、芭乐浆、酒酿 精选福建乌龙与广西桂花拼配的桂花乌龙茶底，融合优质牛乳、鲜榨芭乐浆与湖北孝感非遗米酿。入口芭乐果香清新绵密，中调乌龙茶
CN12250,新品尝鲜,1307379964495310848,桂馥秋梨冰奶,False,21.00,False,9999,False,主要成分：桂花乌龙茶、茉莉雪芽、库尔勒梨汁、牛乳、芝士奶盖、焦糖浆、鲜梨片 精选茉莉雪芽与桂花乌龙双茶拼配，融合库尔勒梨的细腻清甜，搭配优质牛乳，顶部芝士奶盖覆
CN12250,新品尝鲜,1305903142650228736,浓抹香草籽,False,22.00,False,9999,False,主要成分：纯正千目抹茶、马达加斯加香草籽、抹茶干酪云顶、满满抹茶粉 严选北纬30°黄金产区优质茶种，只采春日嫩叶经千目精细研磨，带来鲜活纯正的抹茶茶香。加入马达
CN12250,新品尝鲜,1305903912577695744,浓抹花田,False,22.00,False,9999,False,主要成分：纯正千目抹茶、蜜桃乌龙、抹茶干酪云顶 、满满抹茶粉 严选优质产区抹茶，经千目研磨，保留鲜爽纯正的抹茶香。抹茶干酪云顶绵密顺滑，茶香与奶香自然融合；蜜桃
CN12250,新品尝鲜,1305902326077898753,一抹茉莉花,False,18.00,False,9999,False,甄选六窨茉莉雪芽，让茉莉花香自然融入茶香，与纯正千目抹茶和优质牛乳相遇。入口先是清新鲜灵的茉莉花香，随后抹茶醇厚茶韵缓缓展开；花香与茶香层层交织，保留抹茶的鲜爽
CN12250,轻因不扰眠系列,1307378304845709312,桂馥兰香冰酿,True,18.00,False,19998,False,主要成分：桂花乌龙茶 、牛乳、酒酿 精选福建乌龙与广西桂花拼配的桂花乌龙茶底，融合优质牛乳与湖北孝感非遗米酿，乌龙茶醇厚，桂花清雅甜香，自然发酵的米甜层层释放，
CN12250,轻因不扰眠系列,1307378832733589505,桂馥芭乐冰酿,True,18.00,False,19998,False,主要成分：桂花乌龙茶、牛乳、芭乐浆、酒酿 精选福建乌龙与广西桂花拼配的桂花乌龙茶底，融合优质牛乳、鲜榨芭乐浆与湖北孝感非遗米酿。入口芭乐果香清新绵密，中调乌龙茶
CN12250,轻因不扰眠系列,1307379964495310848,桂馥秋梨冰奶,False,21.00,False,9999,False,主要成分：桂花乌龙茶、茉莉雪芽、库尔勒梨汁、牛乳、芝士奶盖、焦糖浆、鲜梨片 精选茉莉雪芽与桂花乌龙双茶拼配，融合库尔勒梨的细腻清甜，搭配优质牛乳，顶部芝士奶盖覆
CN12250,轻因不扰眠系列,1305903912577695744,浓抹花田,False,22.00,False,9999,False,主要成分：纯正千目抹茶、蜜桃乌龙、抹茶干酪云顶 、满满抹茶粉 严选优质产区抹茶，经千目研磨，保留鲜爽纯正的抹茶香。抹茶干酪云顶绵密顺滑，茶香与奶香自然融合；蜜桃
CN12250,原叶鲜奶茶,625339451983278080,伯牙绝弦,True,16.00,True,19998,False,霸王茶姬经典款&畅销款，累计销量突破12亿杯* 伯牙绝弦·茶香款：选用云南大叶种烘青绿茶，搭配广西横州茉莉鲜花，按照传统工艺窨制，形成清新茶香与鲜灵花香的经典风
CN12250,抹茶系列,1305903142650228736,浓抹香草籽,False,22.00,False,9999,False,主要成分：纯正千目抹茶、马达加斯加香草籽、抹茶干酪云顶、满满抹茶粉 严选北纬30°黄金产区优质茶种，只采春日嫩叶经千目精细研磨，带来鲜活纯正的抹茶茶香。加入马达
CN12250,抹茶系列,1305903912577695744,浓抹花田,False,22.00,False,9999,False,主要成分：纯正千目抹茶、蜜桃乌龙、抹茶干酪云顶 、满满抹茶粉 严选优质产区抹茶，经千目研磨，保留鲜爽纯正的抹茶香。抹茶干酪云顶绵密顺滑，茶香与奶香自然融合；蜜桃
CN12250,抹茶系列,1305902326077898753,一抹茉莉花,False,18.00,False,9999,False,甄选六窨茉莉雪芽，让茉莉花香自然融入茶香，与纯正千目抹茶和优质牛乳相遇。入口先是清新鲜灵的茉莉花香，随后抹茶醇厚茶韵缓缓展开；花香与茶香层层交织，保留抹茶的鲜爽
CN12250,茶特调,1307378304845709312,桂馥兰香冰酿,True,18.00,False,19998,False,主要成分：桂花乌龙茶 、牛乳、酒酿 精选福建乌龙与广西桂花拼配的桂花乌龙茶底，融合优质牛乳与湖北孝感非遗米酿，乌龙茶醇厚，桂花清雅甜香，自然发酵的米甜层层释放，
CN12250,茶特调,1307378832733589505,桂馥芭乐冰酿,True,18.00,False,19998,False,主要成分：桂花乌龙茶、牛乳、芭乐浆、酒酿 精选福建乌龙与广西桂花拼配的桂花乌龙茶底，融合优质牛乳、鲜榨芭乐浆与湖北孝感非遗米酿。入口芭乐果香清新绵密，中调乌龙茶
CN12250,茶特调,1307379964495310848,桂馥秋梨冰奶,False,21.00,False,9999,False,主要成分：桂花乌龙茶、茉莉雪芽、库尔勒梨汁、牛乳、芝士奶盖、焦糖浆、鲜梨片 精选茉莉雪芽与桂花乌龙双茶拼配，融合库尔勒梨的细腻清甜，搭配优质牛乳，顶部芝士奶盖覆
CN12250, 自报家门,896915204894285825,热量值说明,False,0.00,False,9999,False,「低负担专区」产品热量数据，规格均为 (中杯、标准冰、不另外加糖) *热量数据及营养成分数据根据霸王茶姬产品程序手册的标准，由国家认可的实验室—华测检测测定后得
CN12250, 自报家门,910834025920917505,厉行节俭，反对浪费,False,0.00,False,9999,False,珍惜一茶一叶，按需适量点单
CN12250, 自报家门,870634387373072384,远山原叶,False,0.00,False,9999,False,我们每一杯产品坚持使用原叶好茶，茶山直采，拒绝使用茶渣/茶粉。
CN12250, 自报家门,870634503760814081,绵密茶沫,False,0.00,False,9999,False,我们研发优化了手作滤茶台，用于过滤有粗制茶沫的纯茶茶汤（除冷泡茶外），茶汤顶部因此而形成一层绵密的泡沫，倾倒泡沫至最后一滴，仍肉眼可见有大量的泡沫附在杯壁，形成
CN12250, 自报家门,870634156454182912,优质牛乳,False,0.00,False,9999,False,我们的乳制品均根据各个区域水质差异选择不同合作伙伴，如川渝江浙沪等区与味全牛乳达成合作协议，云南则是新希望鲜奶，广西是当地人从小喝到大的皇氏鲜奶。我们承诺，绝不
CN12250, 自报家门,870633086487040000,霸王茶姬,False,0.00,False,9999,False,我们是来自世界茶叶故乡云南的新中式国风茶饮，坚持传承茶马古道精神，将中国文化带向世界，成为东方符号。以东方茶，会世界友 ，全球门店数已突破6500+家，荣登国风
CN12250, 自报家门,870633446169731072,茶友须知,False,0.00,False,9999,False,1）芝士奶盖/香草奶油雪顶等配料为手工现打，建议现点现取现饮，出品后等待时间过长可能导致芝士下沉、雪顶融化、和茶混合等现象；2）冰沙类饮品可能出现融化现象。请茶
CN12250, 自报家门,870634307156262913,PLA可降解吸管,False,0.00,False,9999,False,1）我们不主动提供一次性餐具，推荐你使用环保的PLA可降解吸管；2）热饮建议通过直饮杯盖饮用，请尽量较少打包；3）纸巾按需取用，拒绝浪费；4）我们倡导光杯行动，
CN12250, 自报家门,870633258197843969,不满意就重做,False,0.00,False,9999,False,如果出现以下问题：1）没封好杯口，茶汤洒了；2）茶味不够浓，或者太浓；3）出单不及时，奶油化了；4）冰沙不够细，口感不好；等等...请您立刻联系店长重做（反馈电
CN12250, 自报家门,685815942868914177,三品管,False,0.00,False,9999,False,原叶鲜奶茶推荐使用三品管！尽管它长得很像搅拌棒，但不是！三品管可以让茶汤流速变慢，让奶茶的香气在口腔中停留时间变长。使用三品管，打开新体验～
CN12250, 自报家门,644565857078382593,过敏原提示,False,0.00,False,9999,False,1）部分饮品中含有乳制品、芒果、大麦、坚果等致敏物，请酌情选择；2）部分饮品中含有果肉、坚果碎等颗粒物，老人、儿童、孕妇请谨慎饮用，请勿大力吸入；3）所有茶类饮
